{
  "model": "pointnet",
  "corr": 0.37418061543371706,
  "mae_familiar": 3.644184136581416,
  "mae_novel": 4.822882522694268,
  "n": 25
}